"species","count","percent"
"Methylobacterium goesingense",45861,10.699
"Staphylococcus saccharolyticus",39657,9.252
"Sphingomonas faeni",34089,7.953
"Escherichia fergusonii ATCC 35469",26741,6.239
"Streptococcus sanguinis",25321,5.907
"Acinetobacter lwoffii",16183,3.776
"Cutibacterium acnes",11487,2.68
"Sphingomonas aerolata",10140,2.366
"Massilia aurea",9987,2.33
"Methylobacterium bullatum",9803,2.287
"Staphylococcus epidermidis",9526,2.222
"Anaerococcus hydrogenalis",8276,1.931
"Pseudomonas rhizosphaerae",7863,1.834
"Dankookia rubra",7494,1.748
"Methylobacterium haplocladii",6830,1.593
"Haemophilus haemolyticus",6638,1.549
"Rubellimicrobium roseum",6492,1.515
"Staphylococcus hominis",6340,1.479
"Abiotrophia defectiva",6103,1.424
"Variovorax ginsengisoli",5703,1.331
"Reyranella massiliensis 521",5583,1.303
"Shigella sonnei",5503,1.284
"Acinetobacter johnsonii",4818,1.124
"Methylobacterium mesophilicum",4291,1.001
"Moraxella osloensis",4199,0.98
"Streptococcus sanguinis SK1 = NCTC 7863",4154,0.969
"Brevibacterium sanguinis",3852,0.899
"Methylobacterium brachiatum",3767,0.879
"Streptococcus mitis",3320,0.775
"Escherichia marmotae",3241,0.756
"Rhizobium soli DS-42",3026,0.706
"Bartonella ancashensis",2279,0.532
"Sphingobium limneticum",2219,0.518
"Staphylococcus caprae",2160,0.504
"Streptococcus thermophilus",2152,0.502
"Methylobacterium durans",2119,0.494
"Clavibacter michiganensis subsp. sepedonicus",2077,0.485
"Methylorubrum extorquens CM4",2061,0.481
"Massilia atriviolacea",1909,0.445
"Shigella flexneri",1782,0.416
"Pseudoxanthomonas mexicana",1703,0.397
"Methylobacterium marchantiae",1682,0.392
"Brevundimonas staleyi",1579,0.368
"Streptococcus pneumoniae",1490,0.348
"Clavibacter michiganensis subsp. phaseoli",1483,0.346
"Streptococcus oralis ATCC 35037",1473,0.344
"Anaerococcus nagyae",1397,0.326
"Enterococcus faecalis",1197,0.279
"Afipia broomeae",1162,0.271
"Tundrisphaera lichenicola",1132,0.264
"Aurantimonas endophytica",1123,0.262
"Bradyrhizobium mercantei",1101,0.257
"Staphylococcus capitis subsp. urealyticus",1080,0.252
"Methylorubrum zatmanii",1057,0.247
"Anaerococcus urinomassiliensis",1002,0.234
"Sphingomonas aquatilis",964,0.225
"Bradyrhizobium americanum",948,0.221
"Variovorax soli",918,0.214
"Brevundimonas aurantiaca",914,0.213
"Sphingomonas hankookensis",882,0.206
"Methylobacterium cerastii",868,0.203
"Mammaliicoccus lentus",856,0.2
"Afipia birgiae 34632",783,0.183
"Methylobacterium adhaesivum",780,0.182
"Paenibacillus rhizoryzae",694,0.162
"Sphingomonas phyllosphaerae",665,0.155
"Acinetobacter albensis",650,0.152
"Variovorax boronicumulans NBRC 103145",639,0.149
"Methylobacterium brachythecii",619,0.144
"Massilia brevitalea",614,0.143
"Staphylococcus croceilyticus",606,0.141
"Novosphingobium naphthalenivorans",605,0.141
"Brevundimonas subvibrioides ATCC 15264",577,0.135
"Cutibacterium granulosum DSM 20700",577,0.135
"Afipia carboxidovorans OM5",555,0.129
"Azospira oryzae PS",509,0.119
"Oleiharenicola lentus",501,0.117
"Pararheinheimera mesophila",488,0.114
"Streptococcus oralis subsp. dentisani",478,0.112
"Atlantibacter hermannii",476,0.111
"Novosphingobium guangzhouense",444,0.104
"Roseomonas vinacea",444,0.104
"Prolinoborus fasciculus",437,0.102
"Variovorax robiniae",428,0.1
"Pseudolabrys taiwanensis",424,0.099
"Massilia oculi",423,0.099
"Bradyrhizobium oligotrophicum S58",400,0.093
"Stenotrophomonas humi",394,0.092
"Ferruginibacter paludis",369,0.086
"Bradyrhizobium lupini",367,0.086
"Sphingomonas melonis",364,0.085
"Methylobacterium radiotolerans JCM 2831",341,0.08
"Roseomonas rosea",337,0.079
"Stenotrophomonas terrae",325,0.076
"Sphingomonas desiccabilis",309,0.072
"Streptococcus anginosus SK52 = DSM 20563",308,0.072
"Paenibacillus mendelii",301,0.07
"Variovorax ureilyticus",299,0.07
"Nitrospira moscoviensis",291,0.068
"Novosphingobium barchaimii LL02",290,0.068
"Sphingomonas ginsenosidivorax",285,0.066
"Rhodoferax saidenbachensis",281,0.066
"Sphingomonas roseiflava",268,0.063
"Staphylococcus devriesei",267,0.062
"Staphylococcus saprophyticus subsp. saprophyticus ATCC 15305 = NCTC 7292",260,0.061
"Methylobacterium organophilum",253,0.059
"Methylobacterium gnaphalii",251,0.059
"Staphylococcus aureus",236,0.055
"Microbacterium hatanonis",235,0.055
"Bradyrhizobium canariense",230,0.054
"Streptococcus oralis subsp. tigurinus AZ_3a",212,0.049
"Metakosakonia massiliensis JC163",207,0.048
"Denitratisoma oestradiolicum",198,0.046
"Staphylococcus muscae",195,0.045
"Novosphingobium chloroacetimidivorans",192,0.045
"Pantoea agglomerans",189,0.044
"Veillonella parvula",189,0.044
"Acinetobacter bouvetii",184,0.043
"Streptococcus constellatus",181,0.042
"Diaphorobacter nitroreducens",180,0.042
"Nitrospira lenta",180,0.042
"Lactobacillus iners",170,0.04
"Acinetobacter equi",164,0.038
"Rubellimicrobium mesophilum",157,0.037
"Acinetobacter haemolyticus",151,0.035
"Methylobacterium tardum",145,0.034
"Sphingobium phenoxybenzoativorans",145,0.034
"Sphingomonas rubra",141,0.033
"Clavibacter michiganensis subsp. tessellarius",140,0.033
"Sphingomonas olei",140,0.033
"Streptococcus himalayensis",140,0.033
"Mobiluncus curtisii",138,0.032
"Clavibacter michiganensis subsp. capsici",131,0.031
"Staphylococcus capitis",130,0.03
"Aureimonas glaciistagni",128,0.03
"Acinetobacter proteolyticus",127,0.03
"Streptococcus chosunense",125,0.029
"Staphylococcus piscifermentans",123,0.029
"Kosakonia sacchari",122,0.028
"Methylobacterium gossipiicola",121,0.028
"Novosphingobium subterraneum",121,0.028
"Perlucidibaca aquatica",119,0.028
"Ramlibacter tataouinensis TTB310",119,0.028
"Escherichia albertii",114,0.027
"Xylophilus ampelinus",108,0.025
"Acinetobacter baumannii",107,0.025
"Staphylococcus lugdunensis",107,0.025
"Methylobacterium fujisawaense",106,0.025
"Brevibacillus ginsengisoli",105,0.024
"Novosphingobium aromaticivorans",105,0.024
"Curvibacter delicatus",104,0.024
"Escherichia coli",103,0.024
"Salmonella enterica subsp. enterica serovar Typhimurium",97,0.023
"Sphingomonas metalli",97,0.023
"Roseomonas chloroacetimidivorans",94,0.022
"Shigella boydii",94,0.022
"Caenimonas terrae",93,0.022
"Mammaliicoccus sciuri",92,0.021
"Staphylococcus pettenkoferi",91,0.021
"Pseudomonas plecoglossicida",88,0.021
"Franconibacter daqui",87,0.02
"Pantoea ananatis",87,0.02
"Sphingomonas aurantiaca",86,0.02
"Aurantimonas aggregata",84,0.02
"Pseudomonas carboxydohydrogena",84,0.02
"Sphingomonas hengshuiensis",83,0.019
"Afipia massiliensis 34633",82,0.019
"Brevundimonas bullata",82,0.019
"Mammaliicoccus stepanovicii",81,0.019
"Clavibacter michiganensis",79,0.018
"Aureimonas glaciei",78,0.018
"Bartonella henselae str. Houston-1",78,0.018
"Mixta intestinalis",78,0.018
"Paracraurococcus ruber",78,0.018
"Sterolibacterium denitrificans",78,0.018
"Streptococcus cristatus ATCC 51100",76,0.018
"Massilia jejuensis",75,0.017
"Rubellimicrobium rubrum",75,0.017
"Streptococcus gwangjuense",75,0.017
"Curtobacterium pusillum",73,0.017
"Streptococcus troglodytidis",70,0.016
"Citrobacter amalonaticus",69,0.016
"Ferrovum myxofaciens",68,0.016
"Acinetobacter calcoaceticus",67,0.016
"Enterobacter cloacae",65,0.015
"Novosphingobium panipatense",65,0.015
"Cedecea lapagei",64,0.015
"Streptococcus oralis",64,0.015
"Reyranella soli",62,0.014
"Afipia carboxidovorans",61,0.014
"Microvirga pakistanensis",59,0.014
"Paenibacillus oenotherae",59,0.014
"Ramlibacter solisilvae",59,0.014
"Staphylococcus pasteuri",59,0.014
"Shigella dysenteriae",58,0.014
"Sphingomonas pruni",58,0.014
"Paracoccus yeei",57,0.013
"Bartonella quintana",56,0.013
"Streptococcus pseudopneumoniae",56,0.013
"Streptococcus gordonii",54,0.013
"Duganella rivi",51,0.012
"Kosakonia quasisacchari",51,0.012
"Reyranella graminifolii",51,0.012
"Sphingomonas japonica",51,0.012
"Massilia namucuonensis",49,0.011
"Methylobacterium dankookense",49,0.011
"Streptococcus marmotae",49,0.011
"Methylocella silvestris BL2",48,0.011
"Methylorubrum populi BJ001",48,0.011
"Phenylobacterium muchangponense",48,0.011
"Citrobacter koseri",47,0.011
"Pseudoxanthomonas japonensis",47,0.011
"Roseomonas aeriglobus",47,0.011
"Shimwellia blattae DSM 4481 = NBRC 105725",46,0.011
"Alkanindiges illinoisensis",45,0.01
"Methylobacterium oxalidis",44,0.01
"Sphingomonas mucosissima",44,0.01
"Bartonella phoceensis",43,0.01
"Brevibacillus borstelensis",43,0.01
"Staphylococcus auricularis",43,0.01
"Rickettsia bellii",41,0.01
"Sphingomonas mali",41,0.01
"Bartonella vinsonii subsp. vinsonii",40,0.009
"Singulisphaera acidiphila DSM 18658",40,0.009
"Brevibacterium celere",39,0.009
"Sphingomonas jeddahensis",39,0.009
"Globicatella sulfidifaciens",38,0.009
"Methylorubrum salsuginis",38,0.009
"Staphylococcus haemolyticus",38,0.009
"Novosphingobium soli",37,0.009
"Pseudomonas lutea",37,0.009
"Salmonella bongori",37,0.009
"Staphylococcus schleiferi",37,0.009
"Streptococcus australis",37,0.009
"Veillonella parvula DSM 2008",37,0.009
"Paenibacillus nasutitermitis",36,0.008
"Staphylococcus equorum subsp. linens",36,0.008
"Streptococcus infantis ATCC 700779",36,0.008
"Bradyrhizobium diazoefficiens",35,0.008
"Bradyrhizobium embrapense",34,0.008
"Bradyrhizobium valentinum",34,0.008
"Escherichia fergusonii",34,0.008
"Aureimonas phyllosphaerae",33,0.008
"Methylobacterium jeotgali",33,0.008
"Salmonella enterica subsp. arizonae",33,0.008
"Citrobacter sedlakii",32,0.007
"Brevundimonas nasdae",31,0.007
"Janthinobacterium lividum",31,0.007
"Pseudomonas qingdaonensis",31,0.007
"Serratia marcescens",31,0.007
"Anaerococcus lactolyticus",30,0.007
"Anaerococcus pacaensis 9403502",29,0.007
"Methylobacterium pseudosasicola",29,0.007
"Pseudomonas graminis",29,0.007
"Roseomonas mucosa",29,0.007
"Sphingomonas adhaesiva",29,0.007
"Acinetobacter modestus",28,0.007
"Sphingomonas yantingensis",28,0.007
"Acinetobacter piscicola",27,0.006
"Paenibacillus sabinae",27,0.006
"Staphylococcus hominis subsp. novobiosepticus",27,0.006
"Bartonella vinsonii subsp. arupensis",26,0.006
"Citrobacter europaeus",26,0.006
"Siccibacter colletis",26,0.006
"Staphylococcus pseudolugdunensis",26,0.006
"Streptococcus koreensis",26,0.006
"Streptococcus salivarius",26,0.006
"Macrococcus canis",25,0.006
"Methylorubrum suomiense",25,0.006
"Pseudonocardia petroleophila",25,0.006
"Bartonella tribocorum",24,0.006
"Cereibacter changlensis JA139",23,0.005
"Cutibacterium avidum ATCC 25577",23,0.005
"Rhodoferax ferrireducens T118",23,0.005
"Sphingobium vermicomposti",23,0.005
"Sphingomonas glacialis",23,0.005
"Sphingomonas qilianensis",23,0.005
"Streptococcus oricebi",23,0.005
"Cutibacterium namnetense",22,0.005
"Pseudomonas coleopterorum",22,0.005
"Novosphingobium gossypii",21,0.005
"Novosphingobium kunmingense",21,0.005
"Polymorphobacter multimanifer",21,0.005
"Streptococcus iniae",21,0.005
"Aggregatibacter aphrophilus ATCC 33389",20,0.005
"Jiella aquimaris",20,0.005
"Microbacterium lacus",20,0.005
"Streptococcus parasanguinis ATCC 15912",20,0.005
"Massilia timonae",19,0.004
"Mixta theicola",19,0.004
"Mycolicibacterium farcinogenes",19,0.004
"Novosphingobium clariflavum",19,0.004
"Pectobacterium aroidearum",19,0.004
"Staphylococcus massiliensis CCUG 55927",19,0.004
"Streptococcus intermedius",19,0.004
"Variovorax humicola",19,0.004
"Acinetobacter apis",18,0.004
"Bradyrhizobium betae",18,0.004
"Brevundimonas variabilis",18,0.004
"Mammaliicoccus vitulinus",18,0.004
"Rhodoplanes tepidicaeni",18,0.004
"Roseomonas pecuniae",18,0.004
"Sphingobium mellinum",18,0.004
"Sphingomonas swuensis",18,0.004
"Streptococcus acidominimus",18,0.004
"Ampullimonas aquatilis",17,0.004
"Aureimonas populi",17,0.004
"Bartonella elizabethae",17,0.004
"Brevibacterium sediminis",17,0.004
"Brevundimonas mediterranea",17,0.004
"Carnobacterium mobile",17,0.004
"Clavibacter michiganensis subsp. nebraskensis",17,0.004
"Erwinia aphidicola",17,0.004
"Methylobacterium aquaticum",17,0.004
"Methylobacterium persicinum",17,0.004
"Methylobacterium segetis",17,0.004
"Micrococcus luteus",17,0.004
"Pigmentiphaga daeguensis",17,0.004
"Sphingomonas koreensis",17,0.004
"Staphylococcus lutrae",17,0.004
"Acinetobacter oleivorans",16,0.004
"Acinetobacter tjernbergiae",16,0.004
"Bradyrhizobium pachyrhizi",16,0.004
"Methylobacterium gregans",16,0.004
"Methylobacterium radiotolerans",16,0.004
"Oxalicibacterium horti",16,0.004
"Pluralibacter pyrinus",16,0.004
"Polaromonas jejuensis NBRC 106434",16,0.004
"Rhodopseudomonas pseudopalustris",16,0.004
"Solobacterium moorei",16,0.004
"Sphingomonas ginsenosidimutans",16,0.004
"Sphingomonas insulae",16,0.004
"Staphylococcus edaphicus",16,0.004
"Streptococcus azizii",16,0.004
"[Haemophilus] piscium",15,0.003
"Brevundimonas humi",15,0.003
"Caenimonas koreensis",15,0.003
"Haemophilus influenzae",15,0.003
"Limnohabitans australis",15,0.003
"Methylorubrum rhodinum",15,0.003
"Nitrosospira multiformis",15,0.003
"Novosphingobium colocasiae",15,0.003
"Pseudomonas agarici",15,0.003
"Rubellimicrobium aerolatum",15,0.003
"Sphingomonas sediminicola",15,0.003
"Staphylococcus carnosus",15,0.003
"Staphylococcus succinus subsp. succinus",15,0.003
"Aggregatibacter segnis ATCC 33393",14,0.003
"Chania multitudinisentens",14,0.003
"Klugiella xanthotipulae",14,0.003
"Pseudomonas japonica NBRC 103040 = DSM 22348",14,0.003
"Pseudomonas oryzihabitans",14,0.003
"Pseudorhodoplanes sinuspersici",14,0.003
"Sphingomonas kyungheensis",14,0.003
"Staphylococcus coagulans",14,0.003
"Staphylococcus kloosii",14,0.003
"Staphylococcus petrasii",14,0.003
"Staphylococcus ureilyticus",14,0.003
"Streptococcus danieliae",14,0.003
"Acinetobacter variabilis",13,0.003
"Brevundimonas diminuta ATCC 11568",13,0.003
"Georgfuchsia toluolica",13,0.003
"Izhakiella australiensis",13,0.003
"Klebsiella pneumoniae",13,0.003
"Mycolicibacterium sphagni",13,0.003
"Neorhizobium huautlense",13,0.003
"Pantoea cypripedii",13,0.003
"Rheinheimera sediminis",13,0.003
"Rhizobium kunmingense",13,0.003
"Sphingomonas crocodyli",13,0.003
"Sphingomonas leidyi",13,0.003
"Sphingomonas paucimobilis",13,0.003
"Staphylococcus felis",13,0.003
"Acinetobacter chinensis",12,0.003
"Aquisphaera giovannonii",12,0.003
"cat scratch disease bacillus",12,0.003
"Cronobacter muytjensii",12,0.003
"Cronobacter turicensis z3032",12,0.003
"Facklamia sourekii",12,0.003
"Microbacterium profundi",12,0.003
"Oxalicibacterium faecigallinarum",12,0.003
"Pantoea stewartii subsp. indologenes",12,0.003
"Pseudescherichia vulneris",12,0.003
"Pseudomonas monteilii",12,0.003
"Ramlibacter rhizophilus",12,0.003
"Rhizobacter gummiphilus",12,0.003
"Sphingomonas yabuuchiae",12,0.003
"Staphylococcus microti",12,0.003
"Variovorax defluvii",12,0.003
"Variovorax paradoxus NBRC 15149",12,0.003
"Anaerococcus octavius NCTC 9810",11,0.003
"Erwinia amylovora",11,0.003
"Erwinia psidii",11,0.003
"Lonepinella koalarum",11,0.003
"Massilia glaciei",11,0.003
"Massilia putida",11,0.003
"Methylorubrum rhodesianum",11,0.003
"Moraxella atlantae",11,0.003
"Novosphingobium lindaniclasticum LE124",11,0.003
"Novosphingobium meiothermophilum",11,0.003
"Phytobacter ursingii",11,0.003
"Sphingomonas panni",11,0.003
"Streptococcus macedonicus",11,0.003
"Streptococcus panodentis",11,0.003
"Citrobacter rodentium",10,0.002
"Duganella qianjiadongensis",10,0.002
"Erwinia billingiae",10,0.002
"Macrococcus bovicus",10,0.002
"Massilia aerilata",10,0.002
"Massilia lurida",10,0.002
"Methylobacterium hispanicum",10,0.002
"Methylobacterium soli",10,0.002
"Methylobacterium thuringiense",10,0.002
"Mixta gaviniae",10,0.002
"Mycolicibacterium fortuitum subsp. fortuitum DSM 46621 = ATCC 6841",10,0.002
"Novosphingobium tardum",10,0.002
"Paenibacillus taihuensis",10,0.002
"Pantoea dispersa",10,0.002
"Pseudomonas jessenii",10,0.002
"Rhodopseudomonas palustris",10,0.002
"Sphingobium indicum",10,0.002
"Sphingobium yanoikuyae",10,0.002
"Sphingomonas bisphenolicum",10,0.002
"Sphingomonas changbaiensis NBRC 104936",10,0.002
"Staphylococcus pseudintermedius",10,0.002
"Streptococcus ruminantium",10,0.002
"Streptococcus saliviloxodontae",10,0.002
"Variovorax soli NBRC 106424",10,0.002
"Acidovorax valerianellae",9,0.002
"Actinobacillus equuli subsp. haemolyticus",9,0.002
"Anaerococcus jeddahensis",9,0.002
"Clavibacter michiganensis subsp. insidiosus",9,0.002
"Curvibacter fontanus",9,0.002
"Methylobacterium komagatae DSM 19563",9,0.002
"Mycolicibacterium porcinum",9,0.002
"Rhizobium binae",9,0.002
"Rhizobium rhizoryzae",9,0.002
"Rickettsia heilongjiangensis 054",9,0.002
"Roseomonas ludipueritiae",9,0.002
"Sphingomonas abaci",9,0.002
"Sphingomonas cynarae",9,0.002
"Sphingomonas xinjiangensis",9,0.002
"Stenotrophomonas maltophilia",9,0.002
"Variibacter gotjawalensis",9,0.002
"Acinetobacter indicus",8,0.002
"Acinetobacter pittii DSM 21653",8,0.002
"Afipia felis ATCC 53690",8,0.002
"Altererythrobacter soli",8,0.002
"Aromatoleum buckelii",8,0.002
"Bartonella jaculi",8,0.002
"Brevundimonas canariensis",8,0.002
"Brucella oryzae",8,0.002
"Duganella fentianensis",8,0.002
"Enterobacter mori LMG 25706",8,0.002
"Lacunisphaera limnophila",8,0.002
"Macrococcus brunensis",8,0.002
"Massilia yuzhufengensis",8,0.002
"Methylobacterium longum",8,0.002
"Novosphingobium oryzae",8,0.002
"Novosphingobium rosa",8,0.002
"Pseudocitrobacter faecalis",8,0.002
"Pseudomonas chloritidismutans",8,0.002
"Pseudomonas helleri",8,0.002
"Pseudoxanthomonas putridarboris",8,0.002
"Ramlibacter ginsenosidimutans",8,0.002
"Rhodoferax sediminis",8,0.002
"Sphingobium baderi LL03",8,0.002
"Sphingomonas colocasiae",8,0.002
"Sphingomonas lacus",8,0.002
"Staphylococcus chromogenes",8,0.002
"Streptococcus australis ATCC 700641",8,0.002
"Tardiphaga robiniae",8,0.002
"Thiomicrospira cyclica ALM1",8,0.002
"Variovorax paradoxus",8,0.002
"Acinetobacter septicus",7,0.002
"Bartonella bacilliformis",7,0.002
"Belnapia moabensis",7,0.002
"Duganella albus",7,0.002
"Facklamia tabacinasalis",7,0.002
"Janthinobacterium violaceinigrum",7,0.002
"Klebsiella oxytoca",7,0.002
"Lysobacter tabacisoli",7,0.002
"Megasphaera elsdenii DSM 20460",7,0.002
"Methylobacterium indicum",7,0.002
"Methylobacterium iners",7,0.002
"Methylobacterium oryzae CBMB20",7,0.002
"Methylobacterium variabile",7,0.002
"Methylorubrum thiocyanatum",7,0.002
"Microvirga subterranea",7,0.002
"Nitrobacter winogradskyi",7,0.002
"Pseudomonas abietaniphila",7,0.002
"Pseudomonas bohemica",7,0.002
"Pseudomonas migulae",7,0.002
"Pseudoxanthomonas icgebensis",7,0.002
"Rhizobium deserti",7,0.002
"Staphylococcus arlettae",7,0.002
"Staphylococcus hyicus",7,0.002
"Staphylococcus nepalensis",7,0.002
"Staphylococcus warneri",7,0.002
"Streptococcus cristatus AS 1.3089",7,0.002
"Streptococcus dentiloxodontae",7,0.002
"Streptococcus massiliensis",7,0.002
"Thioalkalivibrio sulfidiphilus",7,0.002
"Acinetobacter larvae",6,0.001
"Aeromonas salmonicida",6,0.001
"Aureimonas pseudogalii",6,0.001
"Bacillus tropicus",6,0.001
"Bartonella apis",6,0.001
"Bartonella australis Aust/NH1",6,0.001
"Beijerinckia indica subsp. indica ATCC 9039",6,0.001
"Brevibacillus levickii",6,0.001
"Brevibacterium luteolum",6,0.001
"Brevundimonas vesicularis",6,0.001
"Chelatococcus caeni",6,0.001
"Citrobacter youngae",6,0.001
"Cohnella phaseoli",6,0.001
"Enterovirga rhinocerotis",6,0.001
"Ferruginibacter yonginensis",6,0.001
"Franconibacter helveticus",6,0.001
"Mannheimia ruminalis",6,0.001
"Methylobacterium nodulans ORS 2060",6,0.001
"Microvirga flavescens",6,0.001
"Mobiluncus holmesii ATCC 35242",6,0.001
"Mycolicibacterium mageritense",6,0.001
"Pectobacterium betavasculorum",6,0.001
"Polaromonas cryoconiti",6,0.001
"Pseudomonas benzenivorans",6,0.001
"Pseudomonas kunmingensis",6,0.001
"Pseudoxanthomonas suwonensis",6,0.001
"Rhizobium gallicum",6,0.001
"Rhizobium zeae",6,0.001
"Roseomonas elaeocarpi",6,0.001
"Serratia odorifera",6,0.001
"Sphingobium aromaticivastans",6,0.001
"Sphingobium xanthum",6,0.001
"Sphingomonas carotinifaciens",6,0.001
"Sphingomonas polyaromaticivorans",6,0.001
"Sphingomonas soli",6,0.001
"Stenotrophomonas acidaminiphila",6,0.001
"Stenotrophomonas nitritireducens",6,0.001
"Streptococcus cameli",6,0.001
"Streptococcus gallinaceus",6,0.001
"Streptococcus pharyngis",6,0.001
"Yokenella regensburgei",6,0.001
"[Pasteurella] mairii",5,0.001
"Acinetobacter venetianus RAG-1 = CIP 110063",5,0.001
"Anaerococcus prevotii DSM 20548",5,0.001
"Aurantimicrobium minutum",5,0.001
"Aureimonas frigidaquae",5,0.001
"Azospira restricta",5,0.001
"Brevibacterium avium",5,0.001
"Brevundimonas aveniformis",5,0.001
"Brucella microti",5,0.001
"Devosia mishustinii",5,0.001
"Edwardsiella anguillarum",5,0.001
"Enhydrobacter aerosaccus",5,0.001
"Enterobacter mori",5,0.001
"Enterococcus gallinarum",5,0.001
"Kosakonia radicincitans DSM 16656",5,0.001
"Lysobacter firmicutimachus",5,0.001
"Massilia niabensis",5,0.001
"Megasphaera hexanoica",5,0.001
"Microvirga makkahensis",5,0.001
"Moraxella lincolnii",5,0.001
"Nocardioides glacieisoli",5,0.001
"Novosphingobium endophyticum",5,0.001
"Pararheinheimera soli",5,0.001
"Pectobacterium brasiliense",5,0.001
"Phenylobacterium terrae",5,0.001
"Phyllobacterium phragmitis",5,0.001
"Pseudomonas amygdali",5,0.001
"Pseudomonas baetica",5,0.001
"Pseudomonas entomophila L48",5,0.001
"Pseudomonas fluorescens",5,0.001
"Pseudorhizobium halotolerans",5,0.001
"Rhodopseudomonas faecalis",5,0.001
"Rickettsia rhipicephali",5,0.001
"Sediminibacterium magnilacihabitans",5,0.001
"Serratia marcescens subsp. marcescens ATCC 13880",5,0.001
"Siccibacter turicensis LMG 23730",5,0.001
"Sphingobium amiense",5,0.001
"Sphingobium xenophagum",5,0.001
"Sphingomonas jatrophae",5,0.001
"Sphingomonas yunnanensis",5,0.001
"Staphylococcus pragensis",5,0.001
"Stenotrophomonas tumulicola",5,0.001
"Streptococcus dysgalactiae",5,0.001
"Streptococcus minor",5,0.001
"Streptococcus periodonticum",5,0.001
"Tatumella terrea",5,0.001
"Xenorhabdus stockiae",5,0.001
"[Curtobacterium] plantarum",4,0.001
"[Haemophilus] felis",4,0.001
"Acidovorax cattleyae",4,0.001
"Acinetobacter junii",4,0.001
"Acinetobacter tandoii",4,0.001
"Bacillus cytotoxicus",4,0.001
"Bartonella capreoli",4,0.001
"Brevundimonas alba",4,0.001
"Brevundimonas balnearis",4,0.001
"Brevundimonas diminuta",4,0.001
"Caecibacter massiliensis",4,0.001
"Canicola haemoglobinophilus",4,0.001
"Cryobacterium soli",4,0.001
"Enterobacter hormaechei subsp. xiangfangensis",4,0.001
"Erwinia rhapontici",4,0.001
"Facklamia languida",4,0.001
"Glaciihabitans tibetensis",4,0.001
"Herbaspirillum rhizosphaerae",4,0.001
"Macrococcus caseolyticus subsp. hominis",4,0.001
"Macrococcus hajekii",4,0.001
"Massilia chloroacetimidivorans",4,0.001
"Massilia solisilvae",4,0.001
"Methylobacterium platani",4,0.001
"Methylorubrum aminovorans",4,0.001
"Methylorubrum podarium",4,0.001
"Microbacterium diaminobutyricum",4,0.001
"Mixta calida",4,0.001
"Mycobacteroides immunogenum",4,0.001
"Mycoplana ramosa",4,0.001
"Nitrobacter hamburgensis X14",4,0.001
"Prevotella melaninogenica ATCC 25845",4,0.001
"Pseudomonas aestus",4,0.001
"Pseudomonas azotoformans",4,0.001
"Pseudomonas moraviensis",4,0.001
"Pseudomonas syringae",4,0.001
"Pseudomonas tolaasii",4,0.001
"Pseudoxanthomonas sacheonensis",4,0.001
"Psychroglaciecola arctica",4,0.001
"Rickettsia buchneri",4,0.001
"Rickettsia conorii",4,0.001
"Rodentibacter heidelbergensis",4,0.001
"Rubellimicrobium thermophilum",4,0.001
"Serratia fonticola DSM 22080",4,0.001
"Serratia nematodiphila DZ0503SBS1",4,0.001
"Serratia surfactantfaciens",4,0.001
"Sphingobium aromaticiconvertens",4,0.001
"Sphingobium boeckii",4,0.001
"Sphingobium chlorophenolicum",4,0.001
"Sphingomonas endophytica",4,0.001
"Sphingomonas hunanensis",4,0.001
"Sphingomonas kaistensis",4,0.001
"Sphingomonas zeicaulis",4,0.001
"Streptococcus canis",4,0.001
"Streptococcus parauberis",4,0.001
"Streptococcus suis",4,0.001
"Streptococcus vestibularis ATCC 49124",4,0.001
"Variovorax dokdonensis",4,0.001
"Veillonella ratti",4,0.001
"Xanthomonas campestris",4,0.001
"Acidovorax facilis",3,0.001
"Acinetobacter baylyi",3,0.001
"Acinetobacter gerneri DSM 14967 = CIP 107464 = MTCC 9824",3,0.001
"Acinetobacter kookii",3,0.001
"Acinetobacter pragensis",3,0.001
"Acinetobacter seifertii",3,0.001
"Amnibacterium flavum",3,0.001
"Arachnia propionica",3,0.001
"Azoarcus olearius",3,0.001
"Bartonella taylorii",3,0.001
"Bradyrhizobium japonicum",3,0.001
"Brenneria rubrifaciens",3,0.001
"Brevibacillus centrosporus",3,0.001
"Brevibacterium oceani",3,0.001
"Brevundimonas bacteroides",3,0.001
"Brevundimonas lenta",3,0.001
"Brevundimonas naejangsanensis",3,0.001
"Brevundimonas olei",3,0.001
"Brevundimonas viscosa",3,0.001
"Caballeronia grimmiae",3,0.001
"Citrobacter murliniae",3,0.001
"Crinalium epipsammum",3,0.001
"Cronobacter condimenti 1330",3,0.001
"Curvibacter gracilis",3,0.001
"Cutibacterium acnes subsp. elongatum",3,0.001
"Desulfoglaeba alkanexedens ALDC",3,0.001
"Ensifer adhaerens",3,0.001
"Enterobacter asburiae",3,0.001
"Enterococcus avium",3,0.001
"Enterococcus canis",3,0.001
"Enterococcus casseliflavus",3,0.001
"Enterococcus eurekensis",3,0.001
"Enterococcus wangshanyuanii",3,0.001
"Erwinia tasmaniensis Et1/99",3,0.001
"Ewingella americana",3,0.001
"Ferruginibacter alkalilentus",3,0.001
"Frigoribacterium endophyticum",3,0.001
"Frigoribacterium faeni",3,0.001
"Gloeothece membranacea",3,0.001
"Haemophilus parainfluenzae ATCC 33392",3,0.001
"Hydrogenophaga defluvii",3,0.001
"Janthinobacterium rivuli",3,0.001
"Klenkia brasiliensis",3,0.001
"Klenkia marina",3,0.001
"Kosakonia oryzendophytica",3,0.001
"Lacisediminimonas profundi",3,0.001
"Massilia dura",3,0.001
"Massilia plicata",3,0.001
"Massilia terrae",3,0.001
"Methylobacterium isbiliense",3,0.001
"Methylobacterium trifolii",3,0.001
"Methylorubrum pseudosasae",3,0.001
"Methylotenera versatilis",3,0.001
"Microbacterium mangrovi",3,0.001
"Microbacterium paraoxydans",3,0.001
"Mycolicibacterium holsaticum",3,0.001
"Mycolicibacterium lutetiense",3,0.001
"Nocardioides hwasunensis",3,0.001
"Novosphingobium pentaromativorans US6-1",3,0.001
"Oxalobacter vibrioformis",3,0.001
"Paenibacillus gorillae",3,0.001
"Pantoea allii",3,0.001
"Pantoea stewartii",3,0.001
"Pectobacterium wasabiae CFBP 3304",3,0.001
"Phyllobacterium myrsinacearum",3,0.001
"Plasticicumulans lactativorans",3,0.001
"Pseudoclavibacter alba",3,0.001
"Pseudoduganella eburnea",3,0.001
"Pseudomonas asplenii",3,0.001
"Pseudomonas congelans",3,0.001
"Pseudomonas donghuensis",3,0.001
"Pseudomonas flavescens",3,0.001
"Pseudomonas kuykendallii",3,0.001
"Pseudomonas mendocina",3,0.001
"Pseudomonas reidholzensis",3,0.001
"Pseudomonas sagittaria",3,0.001
"Pseudomonas stutzeri ATCC 17588 = LMG 11199",3,0.001
"Pseudomonas taetrolens",3,0.001
"Psychrobacter frigidicola",3,0.001
"Rhizobium cellulosilyticum",3,0.001
"Rhodopseudomonas rhenobacensis",3,0.001
"Roseomonas arctica",3,0.001
"Serratia symbiotica",3,0.001
"Siccibacter turicensis",3,0.001
"Simplicispira metamorpha",3,0.001
"Sphingomonas alpina",3,0.001
"Sphingomonas asaccharolytica",3,0.001
"Sphingomonas daechungensis",3,0.001
"Sphingomonas echinoides",3,0.001
"Sphingomonas jaspsi",3,0.001
"Sphingomonas mohensis",3,0.001
"Sphingorhabdus lacus",3,0.001
"Staphylococcus rostri",3,0.001
"Staphylococcus simulans",3,0.001
"Stenotrophomonas pavanii",3,0.001
"Streptococcus alactolyticus",3,0.001
"Streptococcus dentasini",3,0.001
"Streptococcus entericus",3,0.001
"Streptococcus lactarius",3,0.001
"Streptococcus mutans",3,0.001
"'Massilia aquatica' Lu et al. 2020",2,0
"[Actinobacillus] rossii",2,0
"Acidovorax anthurii",2,0
"Acidovorax defluvii",2,0
"Acinetobacter bereziniae",2,0
"Acinetobacter boissieri",2,0
"Acinetobacter guillouiae",2,0
"Acinetobacter seohaensis",2,0
"Actinobacillus equuli",2,0
"Actinobacillus minor NM305",2,0
"Actinobacillus pleuropneumoniae",2,0
"Aestuariisphingobium litorale",2,0
"Afipia clevelandensis ATCC 49720",2,0
"Alishewanella longhuensis",2,0
"Altererythrobacter estronivorus",2,0
"Anaerococcus obesiensis ph10",2,0
"Anaerococcus provencensis",2,0
"Anaerococcus vaginalis",2,0
"Anaerococcus vaginalis ATCC 51170",2,0
"Arachnia rubra",2,0
"Aureimonas altamirensis DSM 21988",2,0
"Avibacterium paragallinarum",2,0
"Azospira oryzae",2,0
"Bacillus enclensis",2,0
"Bartonella senegalensis OS02",2,0
"Bartonella silvatica",2,0
"Beijerinckia mobilis",2,0
"Bradyrhizobium cytisi",2,0
"Bradyrhizobium denitrificans",2,0
"Bradyrhizobium iriomotense",2,0
"Bradyrhizobium rifense",2,0
"Brevibacillus invocatus",2,0
"Brevibacillus massiliensis",2,0
"Brevibacillus reuszeri",2,0
"Brevibacterium anseongense",2,0
"Brevibacterium casei",2,0
"Brevibacterium sandarakinum",2,0
"Brevundimonas intermedia",2,0
"Brevundimonas kwangchunensis",2,0
"Brucella lupini",2,0
"Caballeronia jiangsuensis",2,0
"Capnocytophaga sputigena",2,0
"Carnobacterium funditum",2,0
"Cedecea davisae DSM 4568",2,0
"Cellulomonas bogoriensis",2,0
"Chelatococcus composti",2,0
"Consotaella salsifontis",2,0
"Croceicoccus pelagius",2,0
"Cronobacter sakazakii",2,0
"Curtobacterium herbarum",2,0
"Curvibacter lanceolatus",2,0
"Dechloromonas denitrificans",2,0
"Diaminobutyricibacter tongyongensis",2,0
"Dickeya paradisiaca",2,0
"Enterobacter soli ATCC BAA-2102",2,0
"Enterococcus hirae",2,0
"Enterococcus mundtii",2,0
"Enterococcus sulfureus ATCC 49903",2,0
"Erwinia iniecta",2,0
"Erwinia papayae",2,0
"Facklamia hominis",2,0
"Franconibacter pulveris",2,0
"Frondihabitans australicus",2,0
"Giesbergeria giesbergeri",2,0
"Haemophilus aegyptius",2,0
"Haemophilus aegyptius ATCC 11116",2,0
"Haemophilus parahaemolyticus",2,0
"Herminiimonas saxobsidens",2,0
"Hydrogenophaga intermedia",2,0
"Hydrogenophaga taeniospiralis",2,0
"Janthinobacterium agaricidamnosum",2,0
"Knoellia subterranea",2,0
"Kosakonia arachidis",2,0
"Labedella endophytica",2,0
"Lautropia mirabilis",2,0
"Leclercia adecarboxylata",2,0
"Macrococcus carouselicus",2,0
"Macrococcus goetzii",2,0
"Massilia agri",2,0
"Massilia flava",2,0
"Megasphaera indica",2,0
"Mesorhizobium jarvisii",2,0
"Metasolibacillus fluoroglycofenilyticus",2,0
"Methylovirgula ligni",2,0
"Microbacterium esteraromaticum",2,0
"Microbacterium hydrocarbonoxydans",2,0
"Microbacterium keratanolyticum",2,0
"Microbacterium pseudoresistens",2,0
"Microbacterium saccharophilum",2,0
"Micrococcus aloeverae",2,0
"Microvirga aerilata",2,0
"Microvirga zambiensis WSM3693",2,0
"Mobiluncus curtisii subsp. curtisii ATCC 35241",2,0
"Moraxella nonliquefaciens",2,0
"Mycobacterium grossiae",2,0
"Mycolicibacterium septicum DSM 44393",2,0
"Naasia aerilata",2,0
"Novosphingobium flavum",2,0
"Novosphingobium humi",2,0
"Novosphingobium lentum NBRC 107847",2,0
"Novosphingobium lotistagni",2,0
"Paenibacillus liaoningensis",2,0
"Pantoea anthophila",2,0
"Pararhizobium haloflavum",2,0
"Pasteurella multocida subsp. septica",2,0
"Pelodictyon phaeoclathratiforme BU-1",2,0
"Pragia fontium",2,0
"Pseudoduganella violaceinigra",2,0
"Pseudomonas alcaligenes",2,0
"Pseudomonas brassicacearum",2,0
"Pseudomonas cedrina",2,0
"Pseudomonas hutmensis",2,0
"Pseudomonas jilinensis",2,0
"Pseudomonas psychrophila",2,0
"Pseudorhodoferax soli",2,0
"Pseudoxanthomonas daejeonensis",2,0
"Pseudoxanthomonas helianthi",2,0
"Qipengyuania sediminis",2,0
"Raoultella planticola ATCC 33531",2,0
"Rhizobium azibense",2,0
"Rhizobium etli",2,0
"Rhizobium giardinii",2,0
"Rhizobium indigoferae",2,0
"Rhizobium leguminosarum bv. viciae USDA 2370",2,0
"Rhizobium pseudoryzae",2,0
"Rhizobium viscosum",2,0
"Rhizorhabdus dicambivorans",2,0
"Rhodococcus yunnanensis",2,0
"Rhodoplanes azumiensis",2,0
"Rosenbergiella australiborealis",2,0
"Rosenbergiella epipactidis",2,0
"Roseomonas aerilata",2,0
"Roseomonas cervicalis",2,0
"Roseomonas gilardii",2,0
"Rugosibacter aromaticivorans",2,0
"Salmonella enterica subsp. enterica",2,0
"Shimwellia blattae",2,0
"Shinella yambaruensis",2,0
"Sideroxydans lithotrophicus ES-1",2,0
"Singulisphaera rosea",2,0
"Sphingobium cupriresistens",2,0
"Sphingobium fluviale",2,0
"Sphingomonas aerophila",2,0
"Sphingomonas difficilis",2,0
"Sphingomonas gei",2,0
"Sphingomonas humi",2,0
"Sphingomonas hylomeconis",2,0
"Sphingomonas limnosediminicola",2,0
"Sphingomonas morindae",2,0
"Sphingomonas naasensis",2,0
"Sphingomonas piscinae",2,0
"Staphylococcus delphini",2,0
"Stenotrophomonas pictorum JCM 9942",2,0
"Streptococcus anginosus",2,0
"Streptococcus chenjunshii",2,0
"Streptococcus didelphis",2,0
"Streptococcus lutetiensis",2,0
"Streptococcus orisratti",2,0
"Streptococcus porcorum",2,0
"Streptococcus pseudoporcinus LQ 940-04",2,0
"Tatumella ptyseos ATCC 33301",2,0
"Tibeticola sediminis",2,0
"Undibacterium seohonense",2,0
"Williamsia muralis",2,0
"Xanthomonas sacchari",2,0
"Yersinia ruckeri",2,0
"'Sphingomonas ginsengisoli' Hoang et al. 2012",1,0
"[Empedobacter] haloabium",1,0
"[Pantoea] beijingensis",1,0
"[Pasteurella] aerogenes",1,0
"Abyssicoccus albus",1,0
"Acetivibrio alkalicellulosi",1,0
"Achromobacter animicus",1,0
"Acidimangrovimonas sediminis",1,0
"Acidovorax avenae",1,0
"Acidovorax monticola",1,0
"Acidovorax wautersii",1,0
"Acinetobacter calcoaceticus DSM 30006 = CIP 81.8",1,0
"Acinetobacter gandensis",1,0
"Acinetobacter gyllenbergii",1,0
"Acinetobacter kyonggiensis",1,0
"Acinetobacter movanagherensis",1,0
"Acinetobacter parvus",1,0
"Acinetobacter radioresistens",1,0
"Acinetobacter rudis",1,0
"Acinetobacter schindleri",1,0
"Acinetobacter sichuanensis",1,0
"Actibacterium pelagium",1,0
"Actinobacillus arthritidis",1,0
"Actinobacillus hominis",1,0
"Aeromonas hydrophila subsp. ranae",1,0
"Aeromonas molluscorum",1,0
"Aeromonas rivuli",1,0
"Agrobacterium rubi",1,0
"Alkalihalobacillus shacheensis",1,0
"Alpinimonas psychrophila",1,0
"Alsobacter metallidurans",1,0
"Altererythrobacter xixiisoli",1,0
"Anaerococcus tetradius",1,0
"Ancylobacter oerskovii",1,0
"Aquisediminimonas profunda",1,0
"Arenimonas subflava",1,0
"Asticcacaulis biprosthecium",1,0
"Atopobacter phocae",1,0
"Aureimonas endophytica",1,0
"Aureimonas galii",1,0
"Azomonas agilis",1,0
"Azotobacter vinelandii",1,0
"Bacillus cereus ATCC 14579",1,0
"Bacillus mesophilus",1,0
"Bacillus songklensis",1,0
"Bacillus tianshenii",1,0
"Bartonella birtlesii IBS 325",1,0
"Bartonella bovis 91-4",1,0
"Bartonella clarridgeiae",1,0
"Bartonella coopersplainsensis",1,0
"Bartonella heixiaziensis",1,0
"Bartonella schoenbuchensis R1",1,0
"Belnapia rosea",1,0
"Blastochloris viridis",1,0
"Bosea minatitlanensis",1,0
"Bradyrhizobium cajani",1,0
"Bradyrhizobium jicamae",1,0
"Bradyrhizobium liaoningense",1,0
"Bradyrhizobium neotropicale",1,0
"Brevibacillus brevis",1,0
"Brevibacillus fluminis",1,0
"Brevibacillus panacihumi",1,0
"Brevibacillus sediminis",1,0
"Brevibacterium antiquum",1,0
"Brevibacterium iodinum",1,0
"Brevibacterium linens",1,0
"Brevibacterium marinum",1,0
"Brevundimonas abyssalis TAR-001",1,0
"Brevundimonas denitrificans",1,0
"Brevundimonas poindexterae",1,0
"Brevundimonas subvibrioides",1,0
"Brevundimonas terrae",1,0
"Buttiauxella agrestis ATCC 33320",1,0
"Buttiauxella brennerae",1,0
"Buttiauxella gaviniae",1,0
"Cardiobacterium valvarum",1,0
"Carnobacterium divergens",1,0
"Catellicoccus marimammalium",1,0
"Cedecea neteri",1,0
"Cephaloticoccus primus",1,0
"Chelativorans multitrophicus",1,0
"Chelatococcus reniformis",1,0
"Ciceribacter thiooxidans",1,0
"Citrobacter farmeri",1,0
"Clostridium disporicum",1,0
"Comamonas nitrativorans",1,0
"Conservatibacter flavescens",1,0
"Coxiella burnetii",1,0
"Cribrihabitans marinus",1,0
"Cupriavidus lacunae",1,0
"Curtobacterium albidum",1,0
"Curtobacterium luteum",1,0
"Dechloromonas hortensis",1,0
"Delftia deserti",1,0
"Delftia lacustris",1,0
"Delftia litopenaei",1,0
"Delftia rhizosphaerae",1,0
"Desulforhabdus amnigena",1,0
"Devosia glacialis",1,0
"Diaminobutyricimonas aerilata",1,0
"Dickeya chrysanthemi",1,0
"Duganella zoogloeoides",1,0
"Dyella humi",1,0
"Ensifer mexicanus",1,0
"Enterobacter cancerogenus",1,0
"Enterobacter hormaechei",1,0
"Enterococcus asini",1,0
"Enterococcus faecium",1,0
"Enterococcus pseudoavium",1,0
"Enterococcus rivorum",1,0
"Enterococcus rotai",1,0
"Enterococcus saccharolyticus subsp. taiwanensis",1,0
"Enterococcus viikkiensis",1,0
"Enterococcus villorum",1,0
"Erwinia endophytica",1,0
"Erwinia mallotivora",1,0
"Erwinia persicina",1,0
"Erwinia piriflorinigrans CFBP 5888",1,0
"Erwinia tracheiphila",1,0
"Erwinia uzenensis",1,0
"Exiguobacterium aurantiacum",1,0
"Falsochrobactrum ovis",1,0
"Ferribacterium limneticum",1,0
"Flavisolibacter rigui",1,0
"Francisella persica",1,0
"Frischella perrara",1,0
"Globicatella sanguinis",1,0
"Granulicatella elegans",1,0
"Gryllotalpicola protaetiae",1,0
"Haemophilus pittmaniae",1,0
"Herbaspirillum huttiense subsp. putei IAM 15032",1,0
"Herbiconiux ginsengi",1,0
"Hirschia baltica ATCC 49814",1,0
"Hoeflea alexandrii",1,0
"Hoeflea marina",1,0
"Hoyosella subflava",1,0
"Humibacter soli",1,0
"Hydrobacter penzbergensis",1,0
"Hydrogenophaga atypica",1,0
"Hydrogenophaga taeniospiralis CCUG 15921",1,0
"Hyphomicrobium sulfonivorans",1,0
"Inmirania thermothiophila",1,0
"Isobaculum melis",1,0
"Izhakiella capsodis",1,0
"Klebsiella pneumoniae subsp. ozaenae",1,0
"Klebsiella quasipneumoniae subsp. quasipneumoniae",1,0
"Kocuria atrinae",1,0
"Kosakonia oryzae",1,0
"Kosakonia pseudosacchari",1,0
"Kurthia gibsonii",1,0
"Lacticaseibacillus casei DSM 20011 = JCM 1134 = ATCC 393",1,0
"Lacunisphaera anatis",1,0
"Leminorella grimontii",1,0
"Leptothrix mobilis",1,0
"Ligilactobacillus araffinosus",1,0
"Limnohabitans curvus",1,0
"Limnohabitans parvus II-B4",1,0
"Lujinxingia sediminis",1,0
"Luteimonas panaciterrae",1,0
"Lysinibacillus odysseyi 34hs-1 = NBRC 100172",1,0
"Lysobacter hankyongensis",1,0
"Lysobacter niastensis",1,0
"Lysobacter solanacearum",1,0
"Macrococcus lamae",1,0
"Mannheimia haemolytica",1,0
"Marinobacter lutaoensis",1,0
"Marisediminicola antarctica",1,0
"Massilia agilis",1,0
"Massilia albidiflava",1,0
"Massilia haematophila",1,0
"Massilia suwonensis",1,0
"Massilia umbonata",1,0
"Mesorhizobium abyssinicae",1,0
"Mesorhizobium hawassense",1,0
"Mesorhizobium sediminum",1,0
"Methylobacillus glycogenes",1,0
"Methylobacterium aerolatum",1,0
"Methylobacterium phyllosphaerae",1,0
"Methylobacterium phyllostachyos",1,0
"Methylocapsa acidiphila",1,0
"Methylocystis heyeri",1,0
"Methylopila jiangsuensis",1,0
"Methylopila oligotropha",1,0
"Microbacterium imperiale",1,0
"Microbacterium invictum",1,0
"Microbacterium saperdae",1,0
"Microcella putealis",1,0
"Microcystis aeruginosa",1,0
"Microvirga brassicacearum",1,0
"Microvirga massiliensis",1,0
"Mobiluncus holmesii",1,0
"Modestobacter lapidis",1,0
"Moraxella boevrei",1,0
"Moraxella lacunata",1,0
"Morganella morganii subsp. morganii",1,0
"Mycetocola miduiensis",1,0
"Mycetocola saprophilus",1,0
"Mycetocola zhujimingii",1,0
"Mycobacterium talmoniae",1,0
"Mycolicibacterium conceptionense",1,0
"Mycolicibacterium hassiacum",1,0
"Mycolicibacterium insubricum",1,0
"Mycolicibacterium murale",1,0
"Mycolicibacterium rhodesiae",1,0
"Nocardia acidivorans",1,0
"Nordella oligomobilis",1,0
"Nosocomiicoccus massiliensis",1,0
"Noviherbaspirillum suwonense",1,0
"Novosphingobium aquaticum Glaeser et al. 2013",1,0
"Novosphingobium arabidopsis",1,0
"Novosphingobium capsulatum",1,0
"Novosphingobium indicum",1,0
"Novosphingobium malaysiense",1,0
"Novosphingobium naphthae",1,0
"Novosphingobium nitrogenifigens DSM 19370",1,0
"Novosphingobium profundi",1,0
"Novosphingobium resinovorum",1,0
"Novosphingopyxis baekryungensis",1,0
"Oceanisphaera profunda",1,0
"Oceanobacillus caeni",1,0
"Opitutus terrae PB90-1",1,0
"Ornithinimicrobium cavernae",1,0
"Ottowia beijingensis",1,0
"Paenarthrobacter nitroguajacolicus",1,0
"Paenibacillus anaericanus",1,0
"Paenibacillus beijingensis",1,0
"Paenibacillus chitinolyticus",1,0
"Paenibacillus contaminans",1,0
"Paenibacillus gansuensis",1,0
"Paenibacillus kobensis",1,0
"Paenibacillus medicaginis",1,0
"Paenibacillus polymyxa",1,0
"Paenibacillus sepulcri",1,0
"Paenibacillus xanthinilyticus",1,0
"Paenibacillus yonginensis",1,0
"Paenochrobactrum glaciei",1,0
"Paraburkholderia fungorum",1,0
"Paraburkholderia phytofirmans PsJN",1,0
"Paracoccus communis",1,0
"Paraperlucidibaca baekdonensis",1,0
"Parasphingorhabdus pacifica",1,0
"Paraurantiacibacter namhicola",1,0
"Pasteurella dagmatis ATCC 43325",1,0
"Paucibacter oligotrophus",1,0
"Pectobacterium odoriferum",1,0
"Pectobacterium polaris",1,0
"Pectobacterium wasabiae",1,0
"Pelomonas saccharophila",1,0
"Phenylobacterium mobile",1,0
"Phenylobacterium parvum",1,0
"Phenylobacterium zucineum HLK1",1,0
"Phreatobacter stygius",1,0
"Phyllobacterium endophyticum",1,0
"Pigmentiphaga soli",1,0
"Pleomorphomonas diazotrophica",1,0
"Plesiomonas shigelloides",1,0
"Pluralibacter gergoviae ATCC 33028 = NBRC 105706",1,0
"Polaromonas eurypsychrophila",1,0
"Polaromonas hydrogenivorans",1,0
"Polaromonas naphthalenivorans CJ2",1,0
"Priestia koreensis",1,0
"Propionibacterium cyclohexanicum",1,0
"Propionibacterium freudenreichii subsp. shermanii",1,0
"Prosthecomicrobium pneumaticum",1,0
"Proteiniborus ethanoligenes",1,0
"Providencia stuartii",1,0
"Pseudahrensia aquimaris",1,0
"Pseudomonas alkylphenolica",1,0
"Pseudomonas antarctica",1,0
"Pseudomonas asuensis",1,0
"Pseudomonas caricapapayae",1,0
"Pseudomonas chengduensis",1,0
"Pseudomonas chlororaphis",1,0
"Pseudomonas cichorii",1,0
"Pseudomonas corrugata",1,0
"Pseudomonas cremoricolorata DSM 17059 = NBRC 16634",1,0
"Pseudomonas ficuserectae",1,0
"Pseudomonas fragi",1,0
"Pseudomonas fuscovaginae",1,0
"Pseudomonas guariconensis",1,0
"Pseudomonas khazarica",1,0
"Pseudomonas lini",1,0
"Pseudomonas linyingensis",1,0
"Pseudomonas mangrovi",1,0
"Pseudomonas marginalis",1,0
"Pseudomonas marincola",1,0
"Pseudomonas mediterranea CFBP 5447",1,0
"Pseudomonas mohnii",1,0
"Pseudomonas mosselii",1,0
"Pseudomonas nitroreducens",1,0
"Pseudomonas oceani",1,0
"Pseudomonas panacis",1,0
"Pseudomonas peli",1,0
"Pseudomonas putida",1,0
"Pseudomonas resinovorans",1,0
"Pseudomonas saponiphila",1,0
"Pseudomonas silesiensis",1,0
"Pseudomonas stutzeri",1,0
"Pseudomonas synxantha",1,0
"Pseudomonas veronii",1,0
"Pseudonocardia hydrocarbonoxydans",1,0
"Pseudonocardia sichuanensis",1,0
"Pseudonocardia xinjiangensis",1,0
"Pseudopontixanthobacter sediminis",1,0
"Pseudorhizobium flavum",1,0
"Pseudorhizobium marinum",1,0
"Pseudorhodobacter aquimaris",1,0
"Pseudoxanthomonas broegbernensis",1,0
"Pseudoxanthomonas jiangsuensis",1,0
"Pseudoxanthomonas kalamensis",1,0
"Pseudoxanthomonas sangjuensis",1,0
"Psychrobacter adeliensis",1,0
"Pusillimonas noertemannii",1,0
"Qipengyuania pelagi",1,0
"Rahnella aquatilis CIP 78.65 = ATCC 33071",1,0
"Raoultella planticola",1,0
"Rathayibacter festucae",1,0
"Rathayibacter iranicus NCPPB 2253 = VKM Ac-1602",1,0
"Rathayibacter toxicus",1,0
"Reyranella terrae",1,0
"Rheinheimera riviphila",1,0
"Rheinheimera tangshanensis",1,0
"Rhizobacter dauci",1,0
"Rhizobium arsenicireducens",1,0
"Rhizobium capsici",1,0
"Rhizobium halophytocola",1,0
"Rhizobium lentis",1,0
"Rhizobium loessense",1,0
"Rhizobium mongolense",1,0
"Rhizobium oryzicola",1,0
"Rhizobium smilacinae",1,0
"Rhizobium tropici",1,0
"Rhizorhabdus argentea",1,0
"Rhodobaculum claviforme",1,0
"Rhodoblastus acidophilus",1,0
"Rhodoferax fermentans",1,0
"Rhodoplanes serenus",1,0
"Rhodopseudomonas pentothenatexigens",1,0
"Rickettsia heilongjiangensis",1,0
"Rickettsia honei",1,0
"Rickettsia montanensis",1,0
"Rickettsia monteiroi",1,0
"Rodentibacter rarus",1,0
"Roseococcus suduntuyensis",1,0
"Roseomonas aerofrigidensis",1,0
"Roseomonas aquatica",1,0
"Roseomonas gilardii subsp. rosea",1,0
"Roseomonas stagni",1,0
"Salinarimonas ramus",1,0
"Salinicoccus halitifaciens",1,0
"Salinicoccus kekensis",1,0
"Salinicoccus qingdaonensis",1,0
"Seohaeicola zhoushanensis",1,0
"Serratia aquatilis",1,0
"Serratia bozhouensis",1,0
"Serratia odorifera DSM 4582",1,0
"Serratia oryzae",1,0
"Serratia plymuthica",1,0
"Serratia proteamaculans",1,0
"Serratia ureilytica",1,0
"Siccirubricoccus deserti",1,0
"Simplicispira psychrophila",1,0
"Sphingobium abikonense",1,0
"Sphingobium chungangianum",1,0
"Sphingobium fontiphilum",1,0
"Sphingobium indicum B90A",1,0
"Sphingobium qiguonii",1,0
"Sphingobium rhizovicinum",1,0
"Sphingobium vulgare",1,0
"Sphingomicrobium flavum",1,0
"Sphingomonas aquatica",1,0
"Sphingomonas azotifigens",1,0
"Sphingomonas carri",1,0
"Sphingomonas chloroacetimidivorans",1,0
"Sphingomonas formosensis",1,0
"Sphingomonas gotjawalisoli",1,0
"Sphingomonas jinjuensis",1,0
"Sphingomonas mesophila",1,0
"Sphingomonas rosea",1,0
"Sphingomonas sanguinis",1,0
"Sphingomonas trueperi",1,0
"Sphingopyxis alaskensis RB2256",1,0
"Sphingopyxis bauzanensis",1,0
"Sphingopyxis ginsengisoli",1,0
"Sphingopyxis panaciterrae",1,0
"Sphingopyxis terrae",1,0
"Spiribacter salinus M19-40",1,0
"Stanieria cyanosphaera PCC 7437",1,0
"Staphylococcus condimenti",1,0
"Staphylococcus intermedius NCTC 11048",1,0
"Staphylococcus simiae CCM 7213 = CCUG 51256",1,0
"Stenotrophomonas koreensis",1,0
"Stenotrophomonas rhizophila",1,0
"Streptococcus caballi",1,0
"Streptococcus castoreus",1,0
"Streptococcus dentirousetti",1,0
"Streptococcus downei MFe28",1,0
"Streptococcus dysgalactiae subsp. equisimilis",1,0
"Streptococcus equinus",1,0
"Streptococcus halotolerans",1,0
"Streptococcus hyointestinalis",1,0
"Streptococcus loxodontisalivarius",1,0
"Streptococcus marimammalium",1,0
"Streptococcus merionis",1,0
"Streptococcus moroccensis",1,0
"Streptococcus pyogenes",1,0
"Streptococcus rubneri",1,0
"Streptococcus tangierensis",1,0
"Streptococcus uberis",1,0
"Streptococcus urinalis",1,0
"Tatumella morbirosei",1,0
"Tatumella punctata",1,0
"Telluria mixta",1,0
"Thorsellia anophelis",1,0
"Trabulsiella guamensis ATCC 49490",1,0
"Undibacterium aquatile",1,0
"Variovorax guangxiensis",1,0
"Verminephrobacter eiseniae EF01-2",1,0
"Weizmannia ginsengihum",1,0
"Williamsia maris",1,0
"Xanthomonas citri pv. aurantifolii",1,0
"Xanthomonas citri pv. malvacearum",1,0
"Xanthomonas phaseoli",1,0
"Xenophilus aerolatus",1,0
"Xenorhabdus poinarii",1,0
"Yersinia enterocolitica subsp. palearctica",1,0
"Yersinia entomophaga",1,0
"Yersinia similis",1,0
"Zoogloea oryzae",1,0
"Zymomonas mobilis subsp. pomaceae",1,0
